codigo;descripcion;precio;stock
986897;harina;5.000000;4
3456456;toddy;8.000000;3
536434;cerelac;4.000000;8
5675687;nestum;4.000000;5
436456;aceite;4.000000;5
456568;leche;9.000000;4
445878;Queso;10.000000;7
