codigo;descripcion;precio;stock
986897;harina;7.000000;4
345645;toddy;8.000000;3
536434;Cerelac;4.000000;8
567568;nestum;4.000000;5
436456;aceite;4.000000;5
0000;leche;9.000000;20
445878;Queso;10.000000;7
