codigo;descripcion;precio;stock
986897;harina;5.000000;4
3456456;toddy;7.000000;3
536434;cerelac;4.000000;8